{"gBiasRaw":[-1003.1875,-752.5625,543.21875],"aBiasRaw":[71.8125,326.9426229508208,-1572.6875],"mBiasRaw":[0,0,0],"mSoftIron":[[0,0,0],[0,0,0],[0,0,0]]}